FIA,NRCS,Genus,Species,Common,Comment,FIA.trf,NRCS.trf,FVS.trf,FVSSpCode,FVS East,FVS West
998,2TB,Tree,broadleaf,Unknown dead hardwood,,,,IE,OH,2TB,
998,2TD,Tree,deciduous,Other hardwood,,,,,,2TD,2TD
299,2TE,Tree,evergreen,unknown dead conifer,,,,IE,OS,2TE,2TE
999,2TREE,Other,Other,Other,,,,,OT,2TREE,2TREE
11,ABAM,Abies,amabilis,Pacific silver fir,,11,ABAM,PN,SF,,ABAM
12,ABBA,Abies,balsamea,Balsam fir,,12,ABBA,"LS, NE",BF,ABBA,
14,ABBR,Abies,bracteata,Santa lucia,Santa Lucia fir/bristlecone fir,,,,,,ABBR
15,ABCO,Abies,concolor,white fir,,15,ABCO,PN,WF,ABCO,ABCO
,ABCOC,Abies,concolor var. concolor,white fir,,,,,,,ABCOC
,ABCOL,Abies,concolor var. lowiana ,white fir,,,,,,,ABCOL
16,ABFR,Abies,fraseri,fraser fir,,,,,,ABFR,
17,ABGR,Abies,grandis,grand fir,,17,ABGR,PN,GF,,ABGR
10,ABIES,Abies,spp,fir species,,10,ABIES,SN,FR,ABIES,ABIES
19,ABLA,Abies,lasicarpa,subapline fir,,19,ABLA,PN,AF,,ABLA
18,ABLAA,Abies,lasicarpa var. arizonica,corkbark fir,,18,ABLAA,CR,CB,,ABLAA
,ABLAL,Abies,lasiocarpa var. lasiocarpa,subalpine fir,,,,,AF,,ABLAL
20,ABMA,Abies,magnifica (magnifica),red fir,california red fir,20,ABMA,PN,RF,,ABMA
,ABMAS,Abies,x shastensis,Shasta red fir,,,,,,,ABMAS
22,ABPR,Abies,procera,noble fir,,22,ABPR,PN,NF,,ABPR
21,ABSH,Abies,magnifica (shatensis),shasta red fir,,21,ABSH,SO,SH,,ABSH
300,ACACI,Acacia,spp,acacia spp,,,,NE,NC,ACACI,
,ACAN,Acacia,angustissima,prairie acacia,,,,,,,ACAN
,ACANS,Acacia,angustissima var. shrevei,Shreve's prairie acacia,,,,,,,ACANS
,ACANS2,Acacia,angustissima var. suffrutescens,prairie acacia,,,,,,,ACANS2
,ACANT4,Acacia,angustissima var. texensis,prairie wattle,,,,,,,ACANT4
,ACBA,Acacia,baileyana,cootamundra wattle,,,,,,,ACBA
311,ACBA3,Acer,barbatum,Florida maple,,311,ACBA3,SN,FM,ACBA3,
,ACCI,Acer,circinatum,vine maple,,,,,VN,,ACCI
,ACCO2,Acacia ,constricta,whitethorn acacia,,,,,,,ACCO2
,ACCOC,Acacia,constricta var. constricta,whitethorn acacia,,,,,,,ACCOC
,ACCOP9,Acacia,constricta var. paucispina,whitethorn acacia,,,,,,,ACCOP9
,ACCY2,Acacia ,cyclops,cyclops acacia,,,,,,,ACCY2
,ACDE,Acacia,decurrens,green wattle,,,,,,,ACDE
,ACDE3,Acacia ,dealbata,silver wattle,,,,,,,ACDE3
,ACEL,Acacia,elata,cedar wattle,,,,,,,ACEL
310,ACER,Acer,spp,maple species,,310,ACER,SE,MP,ACER,
303,ACFA,Acacia,farnesiana,Sweet acacia,,,,,,ACFA,
321,ACGL,Acer,glabrum,Rocky mountain maple,,321,ACGL,IE,MM,ACGL,
,ACGLD3,Acer,glabrum var. diffusum,Rocky Mountain maple,,,,,,,ACGLD3
,ACGLD4,Acer,glabrum var. douglasii,Douglas maple,,,,,,,ACGLD4
,ACGLG,Acer,glabrum var. greenei,Greene's maple,,,,,,,ACGLG
,ACGLG2,Acer,glabrum var. glabrum,Rocky Mountain maple,,,,,,,ACGLG2
,ACGLN2,Acer,glabrum var. neomexicanum,New Mexico maple,,,,,,,ACGLN2
,ACGLT2,Acer,glabrum var. torreyi,Torrey maple,,,,,,,ACGLT2
304,ACGR,Acacia,greggii,Catclaw acacia,,,,,,ACGR,
322,ACGR3,Acer,grandidentatum,bigtooth maple,,,,TT,BI,ACGR3,
,ACGRG,Acer,grandidentatum var. grandidentatum,bigtooth maple,,,,,,,ACGRG
,ACGRG3,Acacia,greggii var. greggii,catclaw acacia,,,,,,,ACGRG3
,ACGRS,Acer,grandidentatum var. sinuosum,canyon maple,,,,,,,ACGRS
323,ACLE,Acer,leucoderme,chalk maple,,323,ACLE,SE,CM,ACLE,
,ACLO,Acacia,longifolia,Sydney golden wattle,,,,,,,ACLO
312,ACMA3,Acer,macrophyllum,bigleaf maple,,312,ACMA3,PN,BM,,ACMA3
,ACME,Acacia,melanoxylon,blackwood,,,,,,,ACME
,ACME80,Acacia,mearnsii,black wattle,,,,,,,ACME80
,ACMI,Acacia,millefolia,milfoil wattle,,,,,,,ACMI
313,ACNE2,Acer,negundo,boxelder,,313,ACNE2,SN,BE,ACNE2,
,ACNE4,Acacia,neovernicosa,viscid acacia,,,,,,,ACNE4
,ACNEA,Acer,negundo var. arizonicum,Arizona boxelder,,,,,,,ACNEA
,ACNEC2,Acer,negundo var. californicum,California boxelder,,,,,,,ACNEC2
,ACNEI2,Acer,negundo var. interius,boxelder,,,,,,,ACNEI2
,ACNEN,Acer,negundo var. negundo,boxelder,,,,,,,ACNEN
,ACNET,Acer,negundo var. texanum,boxelder,,,,,,,ACNET
314,ACNI5,Acer,nigrum,black maple,,314,ACNI5,NE,BM,ACNI5,
,ACPA8,Acacia,paradoxa,paradox acacia,,,,,,,ACPA8
315,ACPE,Acer,pensylvanicum,striped maple,,315,ACPE,NE,ST,ACPE,
320,ACPL,Acer,platanoides,Norway maple,,,,,,ACPL,
,ACPO2,Acacia,podalyriifolia,pearl wattle,,,,,,,ACPO2
,ACPY3,Acacia,pycnantha,golden wattle,,,,,,,ACPY3
,ACRE2,Acacia,retinodes,water wattle,,,,,,,ACRE2
,ACRE9,Acacia,redolens,bank catclaw,,,,,,,ACRE9
316,ACRU,Acer,rubrum,red maple,,316,ACRU,NE,RM,ACRU,
,ACSA,Acacia,saligna,orange wattle,,,,,,,ACSA
317,ACSA2,Acer,saccharinum,silver maple,,317,ACSA2,NE,SV,ACSA2,
318,ACSA3,Acer,saccharum,sugar maple,,318,ACSA3,NE,SM,ACSA3,
319,ACSP2,Acer,spicatum,mountain maple,,319,ACSP2,LS,MM,ACSP2,
,ACVE2,Acacia,verticillata,prickly Moses,,,,,,,ACVE2
906,ACWR2,Acoelorrhaphe,wrightii,Everglades plam,Paurotis-palm,,,,,ACWR2,
333,AECA,Aesculus,californica,California buckeye,,333,AECA,CA,BU,,AECA
332,AEFL,Aesculus,flava,Yellow buckeye,,332,AEFL,NE,YY,AEFL,
331,AEGL,Aesculus,glabra,Ohio buckeye,,331,AEGL,CS,OB,AEGL,AEGL
334,AEGLA,Aesculus,glabra var. arguta,Texas buckeye,,,,,,AEGLA,
,AEHI,Aesculus,hippocastanum,horse chestnut,,,,,,,AEHI
336,AEPA,Aesculus,pavia,Red buckeye,,,,,,AEPA,
330,AESCU,Aesculus,spp,buckeye/horsechestnut,,330,AESCU,NE,BU,AESCU,AESCU
337,AESY,Aesculus,sylvatica W. Bartram,Painted buckeye,,,,,,AESY,
341,AIAL,Ailanthus,altissima,Ailanthus,,341,AIAL,NE,AI,AIAL,AIAL
,ALCO13,Alnus,cordata,Italian alder,,,,,,,ALCO13
355,ALGL2,Alnus,glutinosa,European alder,,,,,,ALGL2,ALGL2
,ALIN2,Alnus,incana (L.) Moench,Gray alder,,,,NE,NC,ALIN2,ALIN2
,ALINR,Alnus,incana (L.) Moench ssp. Rugosa (Du Roi) R.T. Clausen,Alder,,,,NE,NC,ALINR,
,ALINT,Alnus,incana ssp. tenuifolia,thinleaf alder,,,,,,,ALINT
345,ALJU,Albizia,julibrissin,Mimosa/silktree,,,,,,ALJU,ALJU
,ALLE,Albizia,lebbeck,woman's tongue,,,,,,,ALLE
350,ALNUS,Alnus,spp,Alder spp.,,,,,,ALNUS,ALNUS
353,ALOB2,Alnus,oblongifolia,Arizona alder,,,,,,,ALOB2
352,ALRH2,Alnus,rhombifolia,White alder,,352,ALRH2,PN,WA,,ALRH2
351,ALRU2,Alnus,rubra,Red alder,,351,ALRU2,PN,RA,,ALRU2
,ALVI5,Alnus,virdidis (Chaix) DC.,Green alder,,,,NE,NC,ALVI5,
,ALVIC,Anlus,viridix (Chaix) DC. Ssp. Crispa (Aiton) Turrill,Mountain alder,,,,NE,NC,ALVIC,ALVIC
,ALVIF,Alnus,viridis ssp. fruticosa,Siberian alder,,,,,,,ALVIF
,ALVIS,Alnus,viridis ssp. sinuata,Sitka alder,,,,,,,ALVIS
357,AMAR3,Amelanchier,arborea,Commong serviceberry,,,,,,AMAR3,
,AMARA4,Amelanchier,arborea (Mixhx. F.) Fernald var. arborea,Serviceberry variety,,,,,,AMARA4,
852,AMEL,Amyris,elemifera,Sea torchwood,,,,,,AMEL,
356,AMELA,Amelanchier,spp,Serviceberry,,356,AMELA,,,AMELA,
358,AMSA,Amelanchier,sanguinea,Roundleaf serviceberry,,,,,,AMSA,
853,ANGL4,Annona,glabra,Pond-apple,,,,,,ANGL4,
870,AOAF,Sophora,affinis,Texas sophora,,,,,,,
,ARALI,Aralia,,spikenard,,,,,,,ARALI
362,ARAR2,Arbutus,arizonica,Arizona madrone,,,,,,,ARAR2
360,ARBUT,Arbutus,spp,Madrone spp,,,,,,,ARBUT
915,ARECA,Areca,L.,Other palms,,,,,,ARECA,
,AREL8,Aralia,elata,Japanese angelica tree,,,,,,,AREL8
361,ARME,Arbutus,menziesii,Pacific madrone,,361,ARME,CA,MA,,ARME
,ARSP2,Aralia,spinosa L.,Devil's walking stick,,,,,,ARSP2,
363,ARXA80,Arbutus,xalapensis,Texas madrone,Texana Buckley,,,,,ARXA80,ARXA80
,ASOB6,Asimina,obovata (Willd.) Nash,Bigflower pawpaw,,,,,,ASOB6,
367,ASTR,Asimina,triloba,Pawpaw,,,,,,ASTR,
986,AVGE,Avicennia,germinans,Black-mangrove,,,,,,AVGE,
371,BEAL2,Betula,alleghaniensis,Yellow birch,,371,BEAL2,NE,YB,BEAL2,
,BEEA,Betula,×eastwoodiae,birch,,,,,,,BEEA
,BEGL,Betula,glandulosa,resin birch,,,,,,,BEGL
372,BELE,Betula,lenta,Sweet birch,sweet birch/black birch,372,BELE,NE,SB,BELE,
,BENA,Betula,nana,dwarf birch,,,,,,,BENA
376,BENE4,Betula,neoalaskana,resin birch,,,,,,BENE4,BENE4
373,BENI,Betula,nigra,River birch,,373,BINI,NE,RB,BENI,
374,BEOC2,Betula,occidentalis,Water birch,,374,BEOC2,NE,WR,BEOC2,BEOC2
375,BEPA,Betula,papyrifera,Paper birch,,375,BAPA,PN,PB,BEPA,BEPA
,BEPAC,Betula,papyrifera var. commutata,Western paper birch,,,,,,BEPAC,BEPAC
,BEPAK,Betula,papyrifera var. kenaica,Kenai birch,,,,,,,BEPAK
,BEPAP,Betula,papyrifera var. papyrifera,paper birch,,,,,,,BEPAP
,BEPE3,Betula,pendula,European white birch,,,,,,,BEPE3
379,BEPO,Betula,populifolia,Gray birch,,379,BEPO,NE,GB,BEPO,
,BEPU4,Betula,pumila L.,Bog birch,,,,,,BEPU4,BEPU4
,BEPUG,Betula,pumila var. glandulifera,bog birch,,,,,,,BEPUG
370,BETUL,Betula,spp,Birch spp.,,370,BETUL,SN,BB,BETUL,BETUL
377,BEUB,Betula,uber,Virginia roundleaf birch,,,,,,BEUB,
378,BEUT,Betula,×utahensis,birch,,,,,,,BEUT
,BRPO3,Brunfelia,portoricensis Krug & Urb.,Puerto Rico raintree,,,,,,BRPO3,
,BRPO6,Brachychiton,populneum,whiteflower kurrajong,,,,,,,BRPO6
854,BUSI,Bursera,simaruba,Gumbo limbo,,,,,,BUSI,
409,CAAL27,Carya,alba,Mockernut hickory,,409,CAAL27,NE,MH,CAAL27,
401,CAAQ2,Carya,aquatica,Water hickory,,401,CAAQ2,CS,WH,CAAQ2,
451,CABI8,Catalpa,bignonioides,Southern catalpa,,,,,,CABI8,CABI8
391,CACA18,Carpinus,caroliniana,American hornbeam,"American hornbeam,musclewood",391,CACA18,CS,AH,CACA18,
413,CACA38,Carya,carolinae-septentrionalis,Southern shagbark hickory,,,,,,CACA38,
,CACH6,Chrysolepis,chrysophylla var. chrysophylla,giant chinquapin,,,,,,,CACH6
,CACI10,Carnegiea,gigantea,saguaro,,,,,,,
402,CACO15,Carya,cordiformis,Bitternut hickory,,402,CACO15,CS,BH,CACO15,
421,CADE12,Castanea,dentata,American chestnut,,421,CADE12,LS,AC,CADE12,
81,CADE27,Calocedrus,decurrens,incense cedar,incense-cedar,81,CADE27,PN,IC,,CADE27
270,CAEQ,Casuarina,equisetifolia,Australian pine,"Australian-pine, gagu",,,,,,
411,CAFL6,Carya,floridana,Scrub hickory,,,,,,CAFL6,
,CAGI10,Carnegiea,gigantea,saguaro,,,,,,,CAGI10
856,CAGL11,Casuarina,glauca,Grey sheoak,,,,,,CAGL11,
403,CAGL8,Carya,glabra,Pignut hickory,,403,CAGL8,NE,PH,CAGL8,
404,CAIL2,Carya,illinoinensis,Pecan,,404,CAIL2,CS,PE,CAIL2,
405,CALA21,Carya,laciniosa,Shellbark hickory,,405,CALA21,CS,SL,CALA21,
857,CALE28,Casuarina,lepidophloia,Belah,,,,,,CALE28,
,CALU12,Casuarina,lepidophloia F. Muell.,Australian Pine,,,,,,CALU12,
424,CAMO83,Castanea,mollissima,Chinease chestnut,,,,,,CAMO83,
406,CAMY,Carya,myristiciformis,Nutmeg hickory,,,,,,CAMY,
407,CAOV2,Carya,ovata,Shagbark hickory,,407,CAOV2,CS,SL,CAOV2,
412,CAOV3,Carya,ovalis,Red hickory,,,,,,CAOV3,
410,CAPA24,Carya,pallida,Sand hickory,,,,,,CAPA24,
422,CAPU9,Castanea,pumila,Allegheny chinkapin,,,,,,CAPU9,
423,CAPUO,Castanea,pumila (L.) Mill. var. ozarkensis (Ashe) Tucker,Ozark chinkapin,,,,,,CAPUO,
400,CARYA,Carya,spp,Hickory spp.,,400,CARYA,CS,HI,CARYA,
452,CASP8,Catalpa,speciosa,Northern catalpa,,,,,,CASP8,CASP8
420,CASTA,Castanea,spp,Chestnut species,,,,,,CASTA,
430,CASTA7,Castanopsis,spp,Chinkapin,,,,,,,
855,CASUA,Casuarina,spp,Sheoak spp,,,,,,CASUA,
450,CATAL,Catalpa,spp,Catalpa spp.,,450,CATAL,CS,CA,CATAL,CATAL
408,CATE9,Carya,texana,Black hickory,,408,CATE9,CS,BI,CATE9,
,CAWO5,Calyptranthes,woodburyi Alain,Woodbury's Lidflower,,,,,,CAWO5,
478,CEAL8,Cercocarpus,alnifolius,birchleaf mountain mahogany,,478,,,,,CEAL8
471,CECA4,Cercis,canadensis,Eastern redbud,,471,CECA4,CS,RD,CECA4,
,CEEH,Celtis,ehrenbergiana,spiny hackberry,,,,,,,CEEH
,CEIN7,Cercocarpus,intricatus,littleleaf mountain mahogany,,,,,,,CEIN7
461,CELA,Celtis,laevigata,Sugarberry,,461,CELA,CS,SG,CELA,CELA
,CELAB,Celtis,laevigata var. brevipes,Sugarberry,,,,,,,CELAB
463,CELAR,Celtis,laevigata var. reticulata,Netleaf hackberry,,,,,,CELAR,CELAR
,CELAT8,Celtis,laevigata var. texana,Texan sugarberry,,,,,,,CELAT8
475,CELE3,Cercocarpus,ledifolius Nutt.,Curlleaf mountain-mahogany,,475,CELE3,SO,MC,,CELE3
,CELEI,Cercocarpus,ledifolius var. intercedens,curl-leaf mountain mahogany,,,,,,,CELEI
,CELEL,Cercocarpus,ledifolius var. ledifolius,curl-leaf mountain mahogany,,,,,,,CELEL
460,CELTI,Celtis,spp,Hackberry spp.,,460,CELTI,SN,HB,CELTI,CELTI
,CEMO2,Cercocarpus,montanus Raf.,Alderleaf Mountain Mahogany,,,,,,CEMO2,CEMO2
,CEMOG,Cercocarpus,montanus var. glaber,birchleaf mountain mahogany,,,,,BF,,CEMOG
,CEMOM4,Cercocarpus,montanus var. montanus,Birchleaf mountain mahogany,,,CEMOM4,SO,MB,,CEMOM4
,CEMOP,Cercocarpus,montanus Raf. var. paucidentatus (S. Watson) F.L. Martin,Hairy Mountain Mahogany,,,,,,CEMOP,CEMOP
462,CEOC,Celtis,occidentalis,Hackberry,,462,CEOC,CS,HK,CEOC,CEOC
,CEPHA,Cephalanthus,L.,Buttonbush,,,,,,CEPHA,
,CERCO,Cercocarpus,,mountain mahogany,,,,,,,CERCO
,CESI3,Ceratonia,siliqua,St. John's bread,,,,,,,CESI3
40,CHAMA4,Chamaecyparis,spp,cedar species,,,,,,CHAMA4,CHAMA4
,CHCH7,Chrysolepis,chrysophylla,giant chinquapin,,,,,,,CHCH7
431,CHCHC4,Castanopsis,chrysophylla,Giant chinkapin,,431,CHCHC4,PN,GC,,CHCHC4
,CHCHM,Chrysolepis,chrysophylla var. minor,giant chinquapin,,,,,,,CHCHM
41,CHLA,Chamaecyparis,lawsoniana,port orford cedar,port-orford-cedar,41,CHLA,CA,PC,,CHLA
42,CHNO,Chamaecyparis,nootkatensis,Alaska yellow cedar,alaska yellow-cedar,42,CHNO,PN,YC,,CHNO
,CHRYS15,Chrysolepis,,chinquapin species,,,,,,,CHRYS15
43,CHTH2,Chamaecyparis,thyoides,Atlantic white cedar,Atlantic white-cedar,43,CHTH2,NE,AW,CHTH2,
858,CICA,Cinnamomum,camphora,Camphortree,,,,,,CICA,CICA
859,CIFR,Citharexylum,fruticosum,Florida fiddlewood,,,,,,CIFR,
860,CITRU2,Citrus,spp,Cirtus spp,,,,,,CITRU2,
,CLADR,Cladrastis,spp Raf.,Yellowwood Spp.,,,,,,CLADR,
481,CLKE,Cladrastis,kentukea,Yellowwood,,,,,,CLKE,
,COAL2,Cornus,alternifolia L. f.,Alternateleaf Dogwood,,,,,,COAL2,
,COAM3,Corylus,americana Walter,American Hazelnut,,,,,,COAM3,
907,COAR,Coccothrinax,argentata,Florida silver palm,,,,,,COAR,
,COAU12,Cordyline,australis,cabbage tree,,,,,,,COAU12
8651,COBO2,Cordia,boissieri,Texas olive,,,,,,,
,COCI4,Corymbia,citriodora,lemonscented gum,,,,,,,COCI4
,COCO6,Corylus,cornuta Marsh.,Beaked Hazelnut,,,,,,COCO6,COCO6
863,CODI8,Coccoloba,diversifolia,Tietongue,Pideon-plum,,,,,CODI8,
,COEL2,Colubrina elliptica (Sw.) Briz. & Stern,,Soldierwood,,,,,,COEL2,
987,COER2,Conocarpus,erectus,Buttonwood-mangrove,,,,,,COER2,
491,COFL2,Cornus,florida,Flowering dogwood,,491,COFL2,CS,DW,COFL2,
,COGL3,Cornus,glabrata,brown dogwood,,,,,,,COGL3
867,COHO,Condalia,hookeri,Bluewood,,,,,,,
908,CONU,Cocos,nucifera,Coconut palm,,,,,,CONU,
492,CONU4,Cornus,nuttalli,Pacific dogwood,,492,CONU4,PN,DG,,CONU4
996,COOB2,Cotinus,obovatus,smoketree,,,,,,COOB2,
490,CORNU,Cornus,spp,Dogwood species,,,,,,CORNU,CORNU
,CORU,Cocos nucifera L.,,Coconut Palm,,,,,,CORU,
,CORU17,Conostegia,rufescens Naud.,Luquillo Mountain Snailwood,,,,,,CORU17,
,CORYL,Corylus,L.,Hazelnut Spp.,,,,,,CORYL,
,COSE16,Cornus,sericea L. ssp. sericea,Redosier Dogwood,,,,,,COSE16,COSE16
865,COSE2,Cordia,sebestena,Largeleaf geigertree,,,,,,COSE2,
,COSE3,Cornus,sessilis,blackfruit dogwood,,,,,,,COSE3
,COSEO,Cornus,sericea ssp. occidentalis,western dogwood,,,,,,,COSEO
,COSES,Cornus,sericea L.,Redosier Dogwood,,,,,,COSES,COSES
500,CRATA,Crataegus,spp,Hawthorn,,500,CRATA,PN,HT,CRATA,CRATA
503,CRBR3,Crataegus,brainerdii,Brainerd hawthorn,,,,,,CRBR3,
504,CRCA,Crataegus,calpodendron,Pear hawthorn,,,,,,CRCA,
505,CRCH,Crataegus,chrysocarpa,Fireberry hawthorn,,,,,,CRCH,
501,CRCR2,Crataegus,crus-galli,Cockspur hawthorn,,,,,,CRCR2,
506,CRDI,Crataegus,dilatata,Broadleaf hawthorn,,,,,,CRDI,
,CRDO2,Crataegus,douglasii,black hawthorn,,,,,,,CRDO2
,CRER,Crataegus,erythropoda,cerro hawthorn,,,,,,,CRER
507,CRFL,Crataegus,fiabellata,Fanleaf hawthorn,,,,,,CRFL,
502,CRMO2,Crataegus,mollis,Downy hawthorn,,,,,,CRMO2,
508,CRMO3,Crataegus,monogyna,Oneseed hawthorn,,,,,,CRMO3,
509,CRPE,Crataegus,pediceliata,Scarlet hawthorn,,,,,,CRPE,
5091,CRPH,Crataegus,phaenopyrun,Washington hawthorn,,,,,,,
,CRRI,Crataegus,rivularis,river hawthorn,,,,,,,CRRI
,CRSA2,Cupressus,arizonica ssp. stephensonii,Cuyamaca cypress,,,,,,,CRSA2
5092,CRSU5,Crataegus,succulenta,Fleshy hawthorn,,,,,,,CRSU5
5093,CRUN,Crataegus,uniflora,Dward hawthorn,,,,,,,
,CRWA,Crataegus,warneri Sarg.,Warners Hawthorn,,,,,,CRWA,
,CUAB,Cupressus,abramsiana,Santa Cruz Island cypress,,,,,,,CUAB
866,CUAN4,Cupaniopsis,anacardioides,Carrotwood,,,,,,CUAN4,
51,CUAR,Cupressus,arizonica,Arizona cypress,,,,,,CUAR,CUAR
,CUARA,Cupressus,arizonica ssp. arizonica,Arizona cypress,,,,,,,CUARA
,CUARN2,Cupressus,arizonica ssp. nevadensis,Paiute cypress,,,,,,,CUARN2
,CUARS2,Cupressus,arizonica ssp. stephensonii,Cuyamaca cypress,,,,,,,CUARS2
52,CUBA,Cupressus,bakeri,Baker cypress,Baker or Modoc cypress,,,,,,CUBA
864,CUEL2,Colubrina,elliptica,Soldierwood,,,,,,,
53,CUFO2,Cupressus,forbesii,tecate cypress,guadalupensis var. forbesii,,,,,,CUFO2
,CUGO,Cupressus,goveniana,Gowen cypress,,,,,,,CUGO
,CUGOG,Cupressus,goveniana ssp. goveniana,Gowen cypress,,,,,,,CUGOG
,CUGOP2,Cupressus,goveniana ssp. pygmaea,pygmy cypress,,,,,,,CUGOP2
56,CUMA,Cupressus,macnabiana,MacNab's cypress,,,,,,,CUMA
54,CUMA2,Cupressus,macrocarpa,Montery cypress,,,,,,,CUMA2
,CUNO,Cupressus,nootkatensis,Alaska cedar,,,,,,,CUNO
50,CUPRE,Cupressus,spp,Cypress species,,,,,,CUPRE,CUPRE
55,CUSA3,Cupressus,sargentii,Sargent's cypress,,,,,,,CUSA3
520,DIOSP,Diospyros,spp,Persimmon spp.,,,,,,DIOSP,
,DIPA9,Dirca,palustris L.,Eastern Leatherwood,,,,,,DIPA9,
522,DITE3,Diospyros,texana,Texas persimmon,,,,,,DITE3,
521,DIVI5,Diospyros,virginiana,Common persimmon,,521,DIVI5,CS,PS,DIVI5,DIVI5
868,EBEB,Ebenopsis,ebano,Blackbead ebony,,,,,,,
523,EHAN,Ehretia,anacua,Anacua knockaway,,,,,,,
,ELAEA,Elaeagnus ,,elaeagnus species,,,,,,,ELAEA
997,ELAN,Elaeagnus,angustifolia,Russian-olive,,,,,,ELAN,ELAN
,ELCO,Elaeagnus,commutata,silverberry,,,,,,,ELCO
,ERJA3,Eriobotrya,japonica,loquat,,,,,,,ERJA3
512,EUCA2,Eucalyptus,camaldulensis,river redgum,,,,,,EUCA2,EUCA2
510,EUCAL,Eucalyptus,spp,Eucalyptus spp,,,,,,EUCAL,EUCAL
,EUCL,Eucalyptus,cladocalyx,sugargum,,,,,,,EUCL
511,EUDO7,Eucalyptus,globulus,Tasmanian bluegum,,,,,,,
,EUEG,Eugenia,eggersii Kiaersk.,Guasabara,,,,,,EUEG,
,EUGL,Eucalyptus,globulus,Tasmanian bluegum,,,,,,,EUGL
,EUGLG,Eucalyptus,globulus ssp. globulus,Tasmanian bluegum,,,,,,,EUGLG
513,EUGR12,Eucalyptus,grandis,grand eucalyptus,,,,,,EUGR12,
,EUMO5,Eucalyptus,×mortoniana,gum,,,,,,,EUMO5
,EUPO,Eucalyptus,polyanthemos,redbox,,,,,,,EUPO
,EUPU,Eucalyptus,pulverulenta,silverleaf mountain gum,,,,,,,EUPU
873,EURH,Eugenia,rhombea,Red stopper,,,,,,EURH,
514,EURO2,Eucalyptus,robusta,swampmahogany,,,,,,EURO2,
,EUSI2,Eucalyptus,sideroxylon,red ironbark,,,,,,,EUSI2
,EUTE,Eucalyptus,tereticornis,forest redgum,,,,,,,EUTE
,EUTO11,Eucalyptus,torquata,coral gum,,,,,,,EUTO11
,EUVI,Eucalyptus,viminalis,manna gum,,,,,,,EUVI
874,EXPA,Exothea,paniculata,Butterbough,Inkwood,,,,,EXPA,
531,FAGR,Fagus,grandifolia,American beech,,531,FAGR,CS,AB,FAGR,FAGR
,FAGUS,Fagus,L.,Beech spp,,,,,,FAGUS,FAGUS
,FASY,Fagus,sylvatica,European beech,,,,,,,FASY
876,FIAU,Ficus,aurea,Florida strangler fig,,,,,,FIAU,
,FICA,Ficus,carica,edible fig,,,,,,FICA,FICA
877,FICI,Ficus,citrifolia Mill.,Wild banyontree,shortleaf fig,,,,,FICI,
,FICUS,Ficus ,,fig species,,,,,,,FICUS
,FIPA2,Ficus,palmata,Punjab fig,,,,,,,FIPA2
,FIRU4,Ficus,rubiginosa,Port Jackson fig,,,,,,,FIRU4
,FRAL4,Frangula,alnus Mill.,Glossy Buckthorn,,,,,,FRAL4,
541,FRAM2,Fraxinus,americana,White ash,,541,FRAM2,CS,WA,FRAM2,FRAM2
,FRAN2,Fraxinus,anomala,singleleaf ash,,,,,,,FRAN2
,FRANA,Fraxinus,anomala var. anomala,singleleaf ash,,,,,,,FRANA
,FRANL,Fraxinus,anomala var. lowellii,singleleaf ash,,,,,,,FRANL
540,FRAXI,Fraxinus,spp,Ash spp.,,540,FRAXI,CS,AS,FRAXI,FRAXI
5491,FRBE,Fraxinus,berlandieriana,Berlandier ash,,,,,,,
,FRCA13,Frangula,caroliniana (Walter) A. Gray,Carolina Buckthorn,,,,,,FRCA13,
548,FRCA3,Fraxinus,caroliniana,Carolina ash,,,,,,FRCA3,
,FRCA6,Fremontodendron,californicum,California flannelbush,,,,,,,FRCA6
,FRCU,Fraxinus,cuspidata,fragrant ash,,,,,,,FRCU
,FRDI2,Fraxinus,dipetala,California ash,,,,,,,FRDI2
,FRGO,Fraxinus,gooddingii,Goodding's ash,,,,,,,FRGO
,FRGR2,Fraxinus greggii ,,Gregg's ash,,,,,,,FRGR2
542,FRLA,Fraxinus,latifolia,Oregon ash,,542,FRLA,CA,FL,,FRLA
,FRME2,Fremontodendron,mexicanum,Mexican flannelbush,,,,,,,FRME2
543,FRNI,Fraxinus,nigra,Black ash,,543,FRNI,CS,BA,FRNI,
,FRPA4,Fraxinus,papillosa,Chihuahuan ash,,,,,,,FRPA4
544,FRPE,Fraxinus,pennsylvanica,Green ash,,544,FRPE,CS,GA,FRPE,FRPE
545,FRPR,Fraxinus,profunda,Pumpkin ash,,545,FRPR,CS,PA,FRPR,
7200,FRPU7,Frangula,purshiana (DC.) A. Gray,Cascara,,,,,,,FRPU7
546,FRQU,Fraxinus,quadranulata,Blue ash,,546,FRQU,CS,UA,FRQU,
549,FRTE,Fraxinus,texensis,Texas ash,,,,,,FRTE,
,FRUH,Fraxinus,uhdei,shamel ash,,,,,,,FRUH
547,FRVE2,Fraxinus,velutina,Velvet ash,,,,,,FRVE2,FRVE2
561,GIBI2,Ginkgo,biloba,Ginkgo,maidenhair tree,,,,,GIBI2,
551,GLAQ,Gleditsia,aquatica,Waterlocust,,,,,,GLAQ,
550,GLEDI,Gleditsia,spp,Honeylocust spp.,,,,,,GLEDI,
552,GLTR,Gleditsia,triacanthos,Honeylocust,,552,GLTR,CS,HL,GLTR,
555,GOLA,Grodoia,lasianthus,Loblolly-bay,,555,GOLA,SN,LB,GOLA,
882,GUDI,Guapira,discolor,Beeftree,Longleaf blolly,,,,,GUDI,
571,GYDI,Gymnocladus,dioicus,Kentucky coffeetree,,571,GYDI,CS,KC,GYDI,
581,HACA3,Halesia,carolina,Carolina silverbell,,,,,,HACA3,
582,HADI3,Halesia,diperta,Two-winged silverbell,,,,,,HADI3,
580,HALES,Halesia,spp,Silverbell,,580,HALES,SN,HA,HALES,
,HAMAM,Hamamelis,L.,Witchazel Spp.,,,,,,HAMAM,
583,HAPA2,Halesia,parviflora,Little silverbell,,,,,,HAPA2,
,HAVI4,Hamamelis,virginiana L.,American Witchhazel,,,,,,HAVI4,
883,HIMA2,Hippomane,mancinella,Manchineel,,,,,,HIMA2,
,HOPO5,Hoheria,populnea,lacebark,,,,,,,HOPO5
,ILAQ80,Ilex,aquifolium,English holly,,,,,,,ILAQ80
,ILCO2,Ilex,collina Alexander,Longstalk Holly,,,,,,ILCO2,
,ILLO,Ilex,longipes Chapm. ex Trel.,Georgia Holly,,,,,,ILLO,
,ILMO,Ilex,montana Torr. & A. Gray ex A. Gray,Mountain Holly,,,,,,ILMO,
591,ILOP,Ilex,opaca,American holly,,591,ILOP,NE,HY,ILOP,
,ILPA,Illicium,parviflorum Michx. ex Vent.,Yellow Anisetree,,,,,,ILPA,
,ILVE,Ilex,verticillata (L.) A. Gray,Common Winterberry,,,,,,ILVE,
61,JUAS,Juniperus,ashei,Ashe juniper,,,,,,JUAS,
62,JUCA,Juniperus,californica,California juniper,,,,,,,JUCA
604,JUCA7,Juglans,californica,Southern California black walnut,,,,,,,JUCA7
601,JUCI,Juglans,cinerea,Butternut,,601,JUCI,CS,BN,JUCI,
59,JUCO11,Juniperus,coahuilensis (Martiñez) Gaussen ex R.P. Adams,Redberry Juniper,,,,,,JUCO11,JUCO11
,JUCO6,Juniperus,communis L.,Common Juniper,,,,,,JUCO6,JUCO6
,JUCOA2,Juniperus,coahuilensis var. arizonica,redberry juniper,,,,,,,JUCOA2
,JUCOC2,Juniperus,coahuilensis var. coahuilensis,redberry juniper,,,,,,,JUCOC2
,JUCOD,Juniperus,communis var. depressa,common juniper,,,,,,,JUCOD
,JUCOM2,Juniperus,communis var. saxatilis,Common Juniper Var Montana,,,,,,JUCOM2,
,JUCOS2,Juniperus,communis var. saxatilis,common juniper,,,,,,,JUCOS2
63,JUDE2,Juniperus,deppeana,alligator juniper,,,,,,JUDE2,JUDE2
,JUER,Juniperus,erythrocarpa,redberry juniper,,,,,,,JUER
60,JUFL,Juniperus,flaccida,Drooping juniper,,,,,,,
600,JUGLA,Juglans,spp,Walnut spp.,,600,JUGLA,CA,WN,JUGLA,JUGLA
603,JUHI,Juglans,hindsii,California black walnut,,,,,,,JUHI
606,JUMA,Juglans,major,Arizona walnut,,,,,,JUMA,JUMA
605,JUMI,Juglans,microcarpa,Texas walnut,,,,,,JUMI,JUMI
69,JUMO,Juniperus,monosperma,oneseed juniper,,,,,,JUMO,JUMO
602,JUNI,Juglans,nigra,Black walnut,,602,JUNI,CS,WN,JUNI,JUNI
57,JUNIP,Juniperus,spp,redcedar spp.,redcedar / juniper spp.,,JUNIP,CS,JU,JUNIP,JUNIP
64,JUOC,Juniperus,occidentalis,western juniper,,,JUOC,CA,JU,,JUOC
,JUOCA,Juniperus,occidentalis var. australis,western juniper,,,,,,,JUOCA
,JUOCO,Juniperus,occidentalis var. occidentalis,western juniper,,,,,,,JUOCO
65,JUOS,Juniperus,osteosperma,Utah juniper,,,,TT,UJ,,JUOS
58,JUPI,Juniperus,pinchotii,Pinchot juniper,,,,,,JUPI,JUPI
,JURE80,Juglans,regia,English walnut,,,,,,,JURE80
66,JUSC2,Juniperus,scopulorum,Rocky Mountain juniper,,,JUSC2,IE,RM,JUSC2,JUSC2
68,JUVI,Juniperus,virginiana,eastern redcedar,,,JUVI,CS,RC,JUVI,JUVI
67,JUVIS ,Juniperus,virginiana L. var. silicicola (Small) J. Silba,southern redcedar,,,,,,JUVIS ,
,JUVIV,Juniperus,virginiana var. virginiana,eastern redcedar,,,,,,,JUVIV
,KALA,Kalmia,latifolia L.,Mountain Laurel,,,,,,KALA,
,KOPA,Koelreuteria,paniculata,goldenrain tree,,,,,,,KOPA
,LAAN2,Laburnum,anagyroides,golden chain tree,,,,,,,LAAN2
71,LALA,Larix,laricina,tamarack,,71,LALA,NE,TA,LALA,LALA
72,LALY,Larix,lyallii,subalpine larch,,,LALY,PN,LL,,LALY
,LANO80,Laurus,nobilis,sweet bay,,,,,,,LANO80
73,LAOC,Larix,occidentalis,western larch,,,LAOC,SO,WL,,LAOC
,LAPO,Laplacea,portoricensis (Krug & Urb.) Dyer,Nino De Cota,,,,,,LAPO,
988,LARA2,Laguncularia,racemosa,White-mangrove,,,,,,LARA2,
70,LARIX,Larix,spp,Larch spp,,,,,,LARIX,LARIX
,LEES2,Leucaena,esculenta,guaje,,,,,,,LEES2
,LEFL,Leitneria,floridana Chapm.,Corkwood,,,,,,LEFL,
,LELE10,Leucaena,leucocephala,white leadtree,,,,,,,LELE10
,LEPTO,Leptochloa,,sprangletop,,,,,,,LEPTO
,LEUCA,Leucaena ,,leadtree,,,,,,,LEUCA
,LIBE3,Lindera,benzoin (L.) Blume,Northern Spicebush,,,,,,LIBE3,
,LIDE,Libocedrus,decurrens,incense-cedar,,,,,,,LIDE
,LIDE2,Lithocarpus,densiflorus var. densiflorus,tanoak,,,,,,,LIDE2
631,LIDE3,Lithocarpus,densiflorus,Tanoak,,631,LIDE3,CA,TO,,
,LIDEE,Lithocarpus,densiflorus var. echinoides,tanoak,,,,,,,LIDEE
,LIMO4,Lithrea,molleoides,aroeira blanca,,,,,,,LIMO4
,LINDE2,Lindera,Thunb.,Spicebush,,,,,,LINDE2,
611,LIST2,Liquidamber,styraciflua,Sweetgum,,611,LIST2,CS,SU,LIST2,LIST2
,LISU8,Lindera,subcoriacea B.E. Wofford,Bog Spicebush,,,,,,LISU8,
,LITHO,Lithocarpus,,tanoak species,,,,,,,LITHO
621,LITU,Liriodendron,tulipifera,Yellow-poplar,,621,LITU,CS,YP,LITU,
869,LUPU3,Leucaena,pulverulenta,Great leucaene,,,,,,,
,LYFL2,Lyonothamnus,floribundus,Catalina ironwood,,,,,,,LYFL2
,LYFLA,Lyonothamnus,floribundus ssp. aspleniifolius,Catalina ironwood,,,,,,,LYFLA
,LYFLF,Lyonothamnus,floribundus ssp. floribundus,Catalina ironwood,,,,,,,LYFLF
884,LYLA3,Lysiloma,latisiliquum,False tamarind,,,,,,LYLA3,
,LYONO,Lyonothamnus,,lyononthmnus,,,,,,,LYONO
651,MAAC,Magnolia,acuminata,Cucumbertree,,651,MAAC,CS,CT,MAAC,
662,MAAN3,Malus,angustifolia,Southern crabapple,,,,,,MAAN3,
,MAAS,Magnolia,ashei Weath.,Ashes Magnolia,,,,,,MAAS,
663,MACO5,Malus,coronaria,Sweet crabapple,,,,,,MACO5,MACO5
,MAEL3,Maytenus,elongata (Urb.) Britton,Puerto Rico Mayten,,,,,,MAEL3,
655,MAFR,Magnolia,fraseri,Mountain magnolia,mountain or Fraser magnolia,,,,,MAFR,
661,MAFU,Malus,fusca,Oregon crab apple,,,,,,,MAFU
650,MAGNO,Magnolia,spp,Magnolia spp.,,650,MAGNO,NE,MG,MAGNO,
652,MAGR4,Magnolia,grandiflora,Southern magnolia,,652,MAGR4,SN,MS,MAGR4,
885,MAIN3,Mangifera,indica,Mango,,,,,,MAIN3,
664,MAIO,Malus,ioensis,Prairie crabapple,,,,,,MAIO,
660,MALUS,Malus,spp,Apple spp.,,660,MALUS,NE,AP,MALUS,MALUS
654,MAMA2,Magnolia,macrophylla,Bigleaf magnolia,,654,MAMA2,SN,ML,MAMA2,
641,MAPO,Maclura,pomifera,Osage-orange,,641,MAPO,CS,OO,MAPO,
,MAPU,Malus,pumila,paradise apple,,,,,,,MAPU
657,MAPY,Magnolia,pyramidata,Pyramid magnolia,,,,,,MAPY,
,MASI3,Marlierea,sintenisii Kiaersk.,Beruquillo,,,,,,MASI3,
658,MATR,Magnolia,tripetala,Umbrells magnolia,,,,,,MATR,
653,MAVI2,Magnolia,virginiana,Sweetbay,,653,MAVI2,CS,MV,MAVI2,
993,MEAZ  ,Melia,azedarach L.,Chinaberry,,,,,,MEAZ  ,MEAZ  
992,MEQU,Melaleuca,quinquenervia,Melaleuca,,,,,,MEQU,MEQU
886,METO3,Metopium,toxiferum,Florida poisontree,,,,,,METO3,
,MIFO,Miconia,foveolata Cogn.,Puerto Rico Johnnyberry,,,,,,MIFO,
,MIPY2,Miconia,pycnoneura Urb.,Ridge Johnnyberry,,,,,,MIPY2,
681,MOAL ,Morus,alba L.,White Mulberry,,681,MOAL,SE,WM,MOAL,MOAL 
,MOCA6,Morella,californica,California wax myrtle,,,,,WM,,MOCA6
,MOHO3,Morella,holdridgeana (Lundell) Kartesz,Palo De Cera,,,,,,MOHO3,
683,MOMI ,Morus,microphylla Buckley,Texas Mulberry,,,,,,MOMI,MOMI 
684,MONI ,Morus,nigra L.,Black Mulberry,,,,,,MONI,
682,MORU2,Morus,rubra,Red mulberry,,682,MORU2,SE,RY,MORU2,
680,MORUS,Morus,spp,Mulberry spp.,,680,MORUS,CS,MB,MORUS,MORUS
,NEMU2,Ilex,mucronata,Catberry,,,,,,NEMU2,
691,NYAQ2,Nyssa,aquatica,Water tupelo,,691,NYAQ2,CS,WT,NYAQ2,
694,NYBI,Nyssa,sylvatica var. biflora,swamp tupelo,,694,NYBI,CS,TS,NYBI,
692,NYOG,Nyssa,ogeche,Ogeechee tupelo,,692,NYOG,SE,OG,NYOG,
690,NYSSA,Nyssa,spp,tupelo species,,690,NYSSA,CS,TL,NYSSA,
693,NYSY,Nyssa,sylvatica,blackgum,,693,NYSY,CS,BG,NYSY,
,NYUR2,Nyssa,ursina Small,Bear Tupelo,,,,,,NYUR2,
990,OLTE,Olneya,tesota,desert ironwood,"tesota, Arizona-ironwood",,,,,,OLTE
,OSKN,Ostrya,knowltonii,Knowlton's hophornbeam,,,,,,,OSKN
,OSTRY,Ostrya,,hophornbean species,,,,,,,OSTRY
701,OSVI,Ostrya,virginiana,eastern hophornbeam,,701,OSVI,CS,HH,OSVI,OSVI
,OSVIV,Ostrya,virginiana  var. virginiana,hophornbeam,,,,,,,OSVIV
298,OTHERS,Tree,softwood,other softwood,,,,,,,
711,OXAR,Oxydendrum,Arboretum,sourwood,,711,OXAR,CS,SD,OXAR,
712,PATO2,Paulownia,tomentosa,paulownia,"paulownia, empress-tree",712,PATO2,NE,PW,PATO2,
7211,PEAM3,Persea,americana,Avacado,,,,,,,
721,PEBO,Persea,borbonia,redbay,,721,PEBO,SN,RA,PEBO,
,PEHU2,Persea,humilis Nash,Silk Bay,,,,,,PEHU2,
720,PERSE,Persea,spp,Bay species,,,,,,PERSE,
,PHCA13,Phoenix,canariensis,Canary Island date palm,,,,,,,PHCA13
,PHDA4,Phoenix,dactylifera,date palm,,,,,,,PHDA4
,PHOEN2,Phoenix,,date palm,,,,,,,PHOEN2
91,PIAB,Picea,abies,Norway spruce,,91,PIAB,NE,NS,PIAB,
101,PIAL,Pinus,albicaulis,whitebark pine,,101,PIAL,SO,WB,,PIAL
102,PIAR,Pinus,aristata,bristlecone pine,Rockly Mountain bristlecone pine,102,PIAR,CR,BC,,PIAR
135,PIAR5,Pinus,arizonica,Arizona pine,,,,,,PIAR5,PIAR5
,PIARA,Pinus,arizonica var. arizonica,Arizona pine,,,,,,,PIARA
,PIARS2,Pinus,arizonica var. stormiae,Arizona pine,,,,,,,PIARS2
103,PIAT,Pinus,attenuata,Knobcone pine,,103,PIAT,PN,KP,,PIAT
,PIAT2,Pinus,×attenuradiata,pine,,,,,,,PIAT2
,PIAT4,Pistacia,atlantica,Mt. Atlas mastic tree,,,,,,,PIAT4
104,PIBA,Pinus,balfouriana,foxtail pine,,,,,,,PIBA
105,PIBA2,Pinus,banksiana,jack pine,,105,PIBA2,NE,JP,PIBA2,
,PIBAA,Pinus,balfouriana ssp. austrina,foxtail pine,,,,,,,PIBAA
,PIBAB,Pinus,balfouriana ssp. balfouriana,foxtail pine,,,,,,,PIBAB
92,PIBR,Picea,breweriana,Brewer spruce,,92,PIBR,CA,BR,,PIBR
140,PICE,Pinus,cembroides,Mexican pinyon pine,,,,,,,PICE
90,PICEA,Picea,spp,Spruce species,,,PICEA,NE,PI,PICEA,PICEA
,PICH4,Pistacia,chinensis,Chinese pistache,,,,,,,PICH4
107,PICL,Pinus,clausa,sand pine,,107,PICL,SN,PU,PICL,
108,PICO,Pinus,contorta,lodgepole pine,,108,PICO,PN,LP,,PICO
109,PICO3,Pinus,coulteri,Coulter pine,,109,PICO3,CA,CP,,PICO3
,PICOB,Pinus,contorta var. bolanderi,Bolander beach pine,,,,,,,PICOB
,PICOC,Pinus,contorta var. contorta,beach pine,,,,,,,PICOC
,PICOL,Pinus,contorta var. latifolia,lodgepole pine,,,,,,,PICOL
,PICOM,Pinus,contorta var. murrayana,Sierra lodgepole pine,,,,,,,PICOM
134,PIDI3,Pinus,discolor,border pinyon,,,,,,,PIDI3
110,PIEC2,Pinus,echinata,shortleaf pine,,1110,PIEC2,NE,SP,PIEC2,
106,PIED,Pinus,edulis,common pinyon,Pinyon pine/common pinyon,106,PIED,IE,PI,PIED,PIED
111,PIEL,Pinus,elliottii,slash pine,,111,PIEL,SN,SA,PIEL,
144,PIELE2,Pinus,elliottii Engelm. var. elliottii,Carribean Pine,,,,,,PIELE2,
93,PIEN,Picea,engelmannii,engelmann spruce,,93,PIEN,PN,ES,,PIEN
112,PIEN2,Pinus,engelmannii,Apache pine,,,,,,,PIEN2
,PIENE,Picea,engelmannii var. engelmannii,Engelmann spruce,,,,,,,PIENE
,PIENM2,Picea,engelmannii var. mexicana,Engelmann spruce,,,,,,,PIENM2
113,PIFL2,Pinus,flexilis,limber pine,,113,PIFL2,CA,LM,,PIFL2
94,PIGL,Picea,glauca,white spruce,,94,PIGL,NE,WS,PIGL,PIGL
115,PIGL2,Pinus,glabra,Spruce pine,,115,PIGL2,SN,SR,PIGL2,
,PIHA7,Pinus,halepensis,aleppo pine,,,,,,,PIHA7
116,PIJE,Pinus,jeffreyi,jeffrey pine,PIBL2?,116,PIJE,PN,JP,,PIJE
117,PILA,Pinus,lambertiana,sugar pine,,117,PILA,SO,SP,,PILA
118,PILEC,Pinus,leiophylla var. chihuahuana,Chihuahuan pine,,,,,,,PILEC
142,PILO,Pinus,longaeva,Great Basin bristlecone pine,,,,,,,PILO
,PILU,Picea,lutzii,Lutz's spruce,,,,,,,PILU
95,PIMA,Picea,mariana,black spruce,,95,PIMA,NE,BA,PIMA,PIMA
133,PIMO,Pinus,monophylla,singleleaf pinyon,,133,PIMO,TT,PM,,PIMO
119,PIMO3,Pinus,monticola,western white pine,,119,PIMO3,NI,WP,,PIMO3
,PIMOC,Pinus,monophylla var. californiarum,California pine,,,,,,,PIMOC
143,PIMOF,Pinus,monophylla Torr. & Fram. var. fallax (Little) silba,Arizona pinyon pine,,,,,AZ,,PIMOF
,PIMOM2,Pinus,monophylla var. monophylla,singleleaf pinyon,,,,,,,PIMOM2
120,PIMU,Pinus,muricata D. Don,bishop pine,,,,,,,PIMU
136,PINI,Pinus,nigra Arnold,Austrian pine,,,,,,PINI,PINI
100,PINUS,Pinus,spp,pine species,,100,PINUS,NE,OP,PINUS,PINUS
,PIOO2,Pinus,oocarpa,Ocote chino,Honduras pine,,,,,,
121,PIPA2,Pinus,palustris,longleaf pine,,121,PIPA2,SN,LL,PIPA2,
887,PIPI3,Piscidia,piscipula,Fishpoison tree,,,,,,PIPI3,
,PIPI7,Pinus,pinea,Italian stone pine,,,,,,,PIPI7
122,PIPO,Pinus,ponderosa,ponderosa pine,,122,PIPO,CA,PP,PIPO,PIPO
,PIPOA,Pinus,ponderosa var. arizonica,Arizona pine,,,,,,,PIPOA
,PIPOA2,Pinus,ponderosa ssp. arizonica,Arizona pine,,,,,,,PIPOA2
,PIPOP,Pinus,ponderosa var. ponderosa,ponderosa pine,,,,,,,PIPOP
,PIPOS,Pinus,ponderosa C. Lawson var. scopulorum Engelm.,ponderosa pine,,,,,,PIPOS,PIPOS
96,PIPU,Picea,pungens,blue spruce,,96,PIPU,UT,BS,PIPU,PIPU
123,PIPU5,Pinus,pungens,Table mountain pine,,123,PIPU5,NE,TM,PIPU5,
138,PIQU,Pinus,quadrifolia Parl. Ex Sudw.,four-needle pinyon,four-needle/four-leaf/Parry pinyon,,,,,,PIQU
124,PIRA2,Pinus,radiata,Montery pine,radiata/Monterey pine,124,PIRA2,CA,MP,,PIRA2
125,PIRE,Pinus,resinosa,red pine,,125,PIRE,NE,RN,PIRE,
141,PIRE5,Pinus,remota,Papershell pinyon pine,,,,,,,
126,PIRI,Pinus,rigida,pitch pine,,126,PIRI,NE,PP,PIRI,
97,PIRU,Picea,rubens,red spruce,,,PIRU,NE,RS,PIRU,
127,PISA2,Pinus,sabiniana,gray pine,California foothill pine,127,PISA2,CA,GP,,PISA2
128,PISE,Pinus,serotina,pond pine,,128,PISE,NE,PD,PISE,
98,PISI,Picea,sitchensis,sitka spruce,,98,PISI,PN,SS,,PISE
129,PIST,Pinus,strobus,eastern white pine,,129,PIST,SN,WP,PIST,
114,PIST3,Pinus,strobiformis,southwestern white pine,,114,PIST3,CR,WP,PIST3,PIST3
,PISTA,Pistacia,,pistache,,,,,,,PISTA
130,PISY,Pinus,sylvestris,Scotch pine,,130,PISY,NE,SC,PISY,PISY
131,PITA,Pinus,taeda,loblolly pine,,131,PITA,SN,LP,PITA,
139,PITO,Pinus,torreyana,Torrey pine,,,,,,,PITO
,PITOI2,Pinus,torreyana var. insularis,Santa Cruz Island Torrey pine,,,,,,,PITOI2
,PITOT2,Pinus,torreyana var. torreyana,Torrey pine,,,,,,,PITOT2
132,PIVI2,Pinus,virginiana,virginia pine,,132,PIVI2,SN,VP,PIVI2,
137,PIWA,Pinus,washoensis,Washoe pine,,,,,,,PIWA
722,PLAQ,Planera,aquatica,"Water-elm, planertree",,,,,,PLAQ,
729,PLATA,Platanus,spp,Sycamore spp.,,,,,,PLATA,PLATA
731,PLOC,Platanus,occidentalis,American sycamore,,731,PLOC,SN,SY,PLOC,PLOC
730,PLRA,Platanus,racemosa,California sycamore,,730,PLRA,CA,SY,,PLRA
732,PLWR2,Platanus,wrightii,Arizona sycamore,,,,,,,PLWR2
,POAC5,Populus,×acuminata Rydb. (pro sp.) [angustifolia × deltoides],Lanceleaf Cottonwood,,,,,,POAC5,POAC5
752,POAL7,Populus,alba,Silver poplar,,,,,,POAL7,POAL7
749,POAN3,Populus,angustifolia,Narrowleaf cottonwood,,,,TT,NC,POAN3,POAN3
741,POBA2,Populus,balsamifera,Balsam poplar,,741,POBA2,NE,BP,POBA2,POBA2
,POBAB2,Populus,balsamifera ssp. balsamifera,balsam poplar,,,,,,,POBAB2
747,POBAT,Populus,balsamifera L. spp. trichocarpa,Black cottonwood,,747,POBAT,SO,CW,,POBAT
,POBR7,Populus,×brayshawii,hybrid balsam poplar,,,,,,,POBR7
,POCA19,Populus,×canadensis,Carolina poplar,,,,,,,POCA19
742,PODE3,Populus,deltoides,Eastern cottonwood,,742,PODE3,NE,EC,PODE3,PODE3
745,PODEM,Populus,deltoides spp. Moniifera,Plains cottonwood,,,,,,PODEM,PODEM
,PODEW,Populus,deltoides Bartram ex Marsh. ssp. wislizeni (S. Watson) Eckenwalder,Rio Grande Cottonwood,,,,,,PODEW,PODEW
748,POFR2,Populus,fremontii,Fremont cottonwood,"Fremont cottonwood, Rio Grande cottonwood",,,,,POFR2,POFR2
,POFRF3,Populus,fremontii ssp. fremontii,Fremont cottonwood,,,,,,,POFRF3
,POFRM,Populus,fremontii ssp. mesetae,Fremont cottonwood,,,,,,,POFRM
743,POGR4,Populus,grandidentata,Bigtooth aspen,,743,POGR4,SN,BT,POGR4,
744,POHE4,Populus,heterophylla,Swamp cottonwood,,744,POHE4,NE,PY,POHE4,
,POHI8,Populus,×hinckleyana,cottonwood,,,,,,,POHI8
,POIN23,Populus,×inopina,cottonwood,,,,,,,POIN23
,POJA2,Populus,×jackii,balm-of-Gilead,,,,,,,POJA2
753,PONI,Populus,nigra,Lombardy poplar,,,,,,PONI,PONI
,POPA11,Populus,×parryi,cottonwood,,,,,,,POPA11
740,POPUL,Populus,spp,Cottonwood and poplar spp.,,740,POPUL,SN,CW,POPUL,POPUL
,POTR15,Populus,trichocarpa,black cottonwood,,,,,,,POTR15
746,POTR5,Populus,tremuloides,Quaking aspen,,746,POTR5,PN,AS,POTR5,POTR5
769,PRAL5,Prunus,alleghaniensis,Allegheny plum,,,,,,PRAL5,
766,PRAM,Prunus,americana,American plum,American/wild plum,,,,,PRAM,PRAM
770,PRAN3,Prunus,angustifolia,Chickasaw plum,,,,,,PRAN3,
771,PRAV,Prunus,avium,Sweet cherry,domesticated,,,,,PRAV,
772,PRCE,Prunus,cerassus,Sour cherry,domesticated,,,,,PRCE,
773,PRDO,Prunus,domestica,European plum,domesticated,,,,,PRDO,
768,PREM,Prunus,emarginata,Bitter cherry,,768,PREM,PN,CH,,PREM
,PRGL2,Prosopis,glandulosa Torr.,Honey Mesquite,,,,,,PRGL2,PRGL2
,PRGLG,Prosopis,glandulosa var. glandulosa,honey mesquite,,,,,,,PRGLG
756,PRGLT,Prosopis,glandulosa var. torreyana,Western honey mesquite,,,,,,,PRGLT
774,PRMA,Prunus,mahaleb,Mahaleb plum,domesticated,,,,,PRMA,
765,PRNI,Prunus,nigra,Canada plum,,,,,,PRNI,
755,PROSO,Prosopis,spp,Mesquite,,,,,,PROSO,PROSO
761,PRPE2,Prunus,pensylvanica,Pin cherry,,761,PRPE2,NE,PR,PRPE2,
764,PRPE3,Prunus,persica,Peach,,,,,,PRPE3,
758,PRPU,Prosopis,pubescens Benth.,Screwbean mesquite,,,,,,PRPU,PRPU
762,PRSE2,Prunus,serotina,Black cherry,,762,PRSE2,SN,BC,PRSE2,
760,PRUNU,Prunus,spp,Cherry and plum spp.,,760,PRUNU,NE,PL,PRUNU,PRUNU
757,PRVE,Prosopis,velutina,Velvet mesquite,,,,,,PRVE,PRVE
763,PRVI,Prunus,virginiana,Chokecherry,,763,PRVI,LS,CC,PRVI,
,PRVID,Prunus,virginiana var. demissa,western chokecherry,,,,,,,PRVID
200,PSEUD,Pseudotsuga,spp,Douglas-fir spp.,,,,,OD,,
,PSEUD7,Pseudotsuga ,,Pseudotsuga ,,,,,,,PSEUD7
201,PSMA,Pseudotsuga,macrocarpa,bigcone Douglas-fir,,,,,,,PSMA
202,PSME,Pseudotsuga,menziesii,Douglas-fir,,202,PSME,PN,DF,PSME,PSME
,PSMEG,Pseudotsuga,menziesii (Mirb.) Franco var. glauca (Beissn.) Franco,Rocky Mountain Douglas-Fir,,,,,,PSMEG,PSMEG
,PSMEM,Pseudotsuga,menziesii var. menziesii,Douglas-fir,,,,,,,PSMEM
,PSSI2,Psidium,sintenisii (Kiaersk.) Alain,Sintenis’ Guava,,,,,,PSSI2,
,PTELE,Ptelea,,hoptree species,,,,,,,PTELE
,PTTR,Ptelea,trifoliata,common hoptree,,,,,,,PTTR
,PTTRC2,Ptelea,trifoliata ssp. pallida  var. confinis,pallid hoptree,,,,,,,PTTRC2
,PTTRP,Ptelea,trifoliata ssp. pallida,pallid hoptree,,,,,,,PTTRP
,PTTRP2,Ptelea,trifoliata ssp. polyadenia,pallid hoptree,,,,,,,PTTRP2
,PYCO,Pyrus communis ,,common pear,,,,,,,PYCO
8420,PYRUS,Pyrus,spp,Pear,,,,,,,
,QUAC2,Quercus,acerifolia (Palmer) Stoynoff & Hess,Mapleleaf Oak,,,,,,QUAC2,
801,QUAG,Quercus,agrifolia,California live oak,,801,QUAG,CA,LO,,QUAG
802,QUAL,Quercus,alba,White oak,,802,QUAL,SN,WO,QUAL,
803,QUAR,Quercus,arizonica,Arizona white oak,,,,,,QUAR,QUAR
,QUAR2,Quercus,arkansana Sarg.,Arkansas Oak,,,,,,QUAR2,
804,QUBI,Quercus,bicolor,Swamp white oak,,804,QUBI,NE,SW,QUBI,
,QUBO2,Quercus,boyntonii Beadle,Boynton Sand Post Oak,,,,,,QUBO2,
8513,QUBU2,Quercus,buckleyi,Buckley oak,,8513,QUBU2,,,,
805,QUCH2,Quercus,chrysolepis,Canyon live oak,,805,QUCH2,,,,QUCH2
,QUCHC,Quercus,chrysolepis var. chrysolepis,canyon live oak,,,,,,,QUCHC
806,QUCO2,Quercus,coccinea,Scarlet oak,,806,QUCO2,SN,SO,QUCO2,
807,QUDO,Quercus,douglasii,Blue oak,,807,QUDO,CA,BL,,QUDO
,QUDU,Quercus,dumosa,coastal sage scrub oak,,,,,,,QUDU
809,QUEL,Quercus,ellipsoidalis,Northern pin oak,,809,QUEL,NE,NP,QUEL,
810,QUEM,Quercus,emoryi,Emory oak,,,,,,QUEM,QUEM
811,QUEN,Quercus,engelmannii,Engelmann oak,,811,QUEN,CA,EO,,QUEN
800,QUERC,Quercus,spp,Oak spp. -- deciduous,,800,QUERC,NE,OK,QUERC,QUERC
812,QUFA,Quercus,falcata,Southern red oak,,812,QUFA,NE,SK,QUFA,
838,QUFU,Quercus,virginiana,Live oak,,,,,,,
814,QUGA,Quercus,gambelii,Gambel oak,,814,QUGA,,,QUGA,QUGA
815,QUGA4,Quercus,garryana,Oregon white oak,,815,QUGA4,PN,WO,,QUGA4
,QUGAF,Quercus,garryana var. fruticosa,Oregon white oak,,,,,,,QUGAF
,QUGAG,Quercus,gambelii var. gambelii,Gambel oak,,,,,,,QUGAG
,QUGAG2,Quercus,garryana var. garryana,Oregon white oak,,,,,,,QUGAG2
,QUGAS,Quercus,garryana var. semota,Oregon white oak,,,,,,,QUGAS
851,QUGR,Quercus,graciliformis,Chisos oak,,,,,,,
8511,QUGR2,Quercus,gravesii,Graves oak,,,,,,,
846,QUGR3,Quercus,grisea,Gray oak,,,,,,QUGR3,QUGR3
843,QUHY,Quercus,hypoleucoides,Silverleaf oak,,,,,,QUHY,QUHY
816,QUIL,Quercus,ilicifolia,scrub oak,"bear oak, scrub oak",,,,,QUIL,
817,QUIM,Quercus,imbicaria,Shingle oak,,817,QUIM,NE,QI,QUIM,
842,QUIN,Quercus,incana,Bluejack oak,,842,QUIN,SE,QN,QUIN,
818,QUKE,Quercus,kelloggii,California black oak,,818,QUKE,,,,QUKE
8514,QULA,Quercus,laceyi,Lacey oak,,,,,,,
819,QULA2,Quercus,laevis,Turkey oak,,819,QULA2,SN,TO,QULA2,
820,QULA3,Quercus,laurifolia,Laurel oak,,820,QULA3,SN,LK,QULA3,
821,QULO,Quercus,lobata,California white oak,,821,QULO,CA,VO,,QULO
822,QULY,Quercus,lyrata,Overcup oak,,822,QULY,SN,OV,QULY,
823,QUMA2,Quercus,macrocarpa,Bur oak,,823,QUMA2,NE,BR,QUMA2,QUMA2
824,QUMA3,Quercus,marilandica,Blackjack oak,,824,QUMA3,SN,BJ,QUMA3,
840,QUMA6,Quercus,margarettae (Ashe) Small,Dwarf Post Oak,"dwarf post oak/sand post oak, QUMA13",840,,,DP,QUMA6,
825,QUMI,Quercus,michauxii,Swamp chestnut oak,,825,QUMI,NE,SN,QUMI,
841,QUMI2,Quercus,minima,Dwarf live oak,,,,,,QUMI2,
,QUMO2,Quercus,×moreha,oracle oak,,,,,,,QUMO2
826,QUMU,Quercus,muehlenbergii,Chinkapin oak,,826,QUMU,SN,CK,QUMU,QUMU
827,QUNI,Quercus,nigra,Water oak,,827,QUNI,NE,WK,QUNI,
828,QUNU ,Quercus,nuttallii,Nutall Oak,Texas red oak(QUTE)/nuttall oak,828,,CS,NK,QUNU/QUTE,
829,QUOB,Quercus,oblongifolia,Mexican blue oak,,,,,,QUOB,QUOB
844,QUOG,Quercus,oglethorpensis,Oglethorpe oak,,,,,,QUOG,
830,QUPA2,Quercus,palustris,Pin oak,,830,QUPA2,CS,PN,QUPA2,
,QUPA4,Quercus,×pauciloba Rydb. (pro sp.) [gambelii × turbinella],Wavyleaf Oak,,,,,,,QUPA4
813,QUPA5,Quercus,pagoda,Cherrybark oak,,813,QUPA5,NE,CB,QUPA5,
831,QUPH,Quercus,phellos,Willow oak,,831,QUPH,NE,WL,QUPH,
8512,QUPO2,Quercus,polymorpha,Mexican white oak,,,,,,,
845,QUPR,Quercus,prinoides Willd.,Dwarf Chinkapin Oak,QUPR5,,,,,QUPR,
832,QUPR2,Quercus,prinus,Chestnut oak,,832,QUPR2,NE,CO,QUPR2,
833,QURU,Quercus,rubra,Northern red oak,,,QURU,SN,RO,QURU,
847,QURU4,Quercus,rugosa,Netleaf oak,,,,,,QURU4,QURU4
,QUSA2,Quercus,sadleriana,deer oak,,,,,,,QUSA2
834,QUSH,Quercus,shumardii,Shumard oak,,834,QUSH,SN,QS,QUSH,
836,QUSI2,Quercus,similis,Delta post oak,Delta post oak/bottomland post oak,836,QUSI2,CS,DO,QUSI2,
808,QUSIS,Quercus,sinuata Walter var. sinuata,Durand Oak,QUDU2,,,,,QUSIS,
835,QUST,Quercus,stellata,Post oak,,835,QUST,SN,PO,QUST,
,QUTO2,Quercus,toumeyi Sarg.,Toumey Oak,,,,,,QUTO2,QUTO2
,QUTU2,Quercus,turbinella Greene,Sonoran Scrub Oak,,,,,,QUTU2,QUTU2
,QUUN,Quercus,undulata,Wavyleaf oak,,,,,,,QUUN
,QUVA,Quercus,vacciniifolia,huckleberry oak,,,,,,,QUVA
837,QUVE,Quercus,velutina,Black oak,,837,QUVE,SN,BO,QUVE,
383,QUVI,Quercus,virginiana,Live oak,,383,QUVI,SN,LO,QUVI,
839,QUWI2,Quercus,wislizeni,Interior live oak,,839,QUWI2,CA,IO,,QUWI2
,QUWIF,Quercus,wislizeni var. frutescens,interior live oak,,,,,,,QUWIF
,QUWIW,Quercus,wislizeni var. wislizeni,interior live oak,,,,,,,QUWIW
,RAUR,Ravenia,urbanii Engl. ex Urb.,Tortuga Prieto,,,,,,RAUR,
,RHCA3,Rhamnus,cathartica L.,Common Buckthorn,,,,,,RHCA3,
,RHGL,Rhus,glabra L.,Smooth Sumac,,,,,,RHGL,
,RHHI2,Rhus,hirta,Staghorn Sumac,,,,,,RHHI2,
989,RHMA2,Rhizophora,mangle,Mangrove,,,,,,RHMA2,
,RHMA4,Rhododendron,maximum L.,Great Laurel,,,,,,RHMA4,
,ROBIN,Robinia,,locust species,,,,,,,ROBIN
,ROHI,Robinia,hispida,bristly locust,,,,,,,ROHI
,ROHIF8,Robinia,hispida L. var. fertilis (Ashe) R.T. Clausen,Bristly Locust,,,,,,ROHIF8,ROHIF8
,ROHIH,Robinia,hispida var. hispida,bristly locust,,,,,,,ROHIH
,ROHO,Robinia,×holdtii,locust,,,,,,,ROHO
902,RONE,Robinia,neomexicana,New Mexico locust,,,,,,RONE,RONE
,RONEN,Robinia,neomexicana var. neomexicana,New Mexico locust,,,,,,,RONEN
,RONER,Robinia,neomexicana var. rusbyi,Rusby's locust,,,,,,,RONER
901,ROPS,Robinia,pseudoacacia,black locust,,901,ROPS,SN,BK,ROPS,ROPS
,ROVIH2,Robinia,viscosa Vent. var. hartwegii (Koehne) Ashe,Hartwigs Locust,,,,,,ROVIH2,
909,ROYST,Roystonea,spp,Royal palm spp,,,,,,ROYST,
,SAAL,Salix,alaxensis,feltleaf willow,,,,,,,SAAL
927,SAAL2,Salix,alba,White willow,,,,,,SAAL2,SAAL2
931,SAAL5,Sassafras,albidum,Sassafras,,931,SAAL5,SN,SS,SAAL5,
,SAALA,Salix,alaxensis var. alaxensis,feltleaf willow,,,,,,,SAALA
,SAALL,Salix,alaxensis var. longistylis,feltleaf willow,,,,,,,SAALL
921,SAAM2,Salix,amygdaloides,Peachleaf willow,,,,,,SAAM2,SAAM2
911,SABAL,Sabal,mexicana,Mexican palmetto,,,,,,,
,SABE2,Salix,bebbiana,Beeb willow,,,,LS,DM,,SABE2
924,SABO,Salix,bonplandiana,Bonpland willow,,,,,,,SABO
925,SACA5,Salix,caroliniana,Coastal plain willow,,,,,,SACA5,
923,SAERF ,Salix,eriocephala,Diamond Willow,,,,LS,DM,SAERF ,
,SAEX,Salix,exigua Nutt.,Narrowleaf Willow,,,,,,SAEX,SAEX
,SAFL,Salix,floridana Chapm.,Florida Willow,,,,,,SAFL,
,SAFR,Salix,fragilis,crack willow,,,,,,,SAFR
,SAGL,Salix,glauca,grayleaf willow,,,,,,,SAGL
,SAGO,Salix,gooddingii C.R. Ball,Gooddings Willow,,,,,,SAGO,SAGO
,SALA5,Salix,lasiandra,Pacific willow,,,,,,,SALA5
,SALA6,Salix,lasiolepis Benth.,Arrroyo Willow,,,,,,SALA6,SALA6
,SALAB,Salix,lasiolepis var. bigelovii,Bigelow's willow,,,,,,,SALAB
,SALAL2,Salix,lasiolepis var. lasiolepis,arroyo willow,,,,,,,SALAL2
,SALI,Salix,ligulifolia ,strapleaf willow,,,,,,,SALI
920,SALIX,Salix,spp,Willow,,920,SALIX,PN,WI,SALIX,SALIX
,SALU,Salix,lucida,shining willow,,,,,,,SALU
,SALUC,Salix,lucida Muhl. ssp. caudata (Nutt.) E. Murray,Greenleaf Willow,,,,,,SALUC,
,SALUL,Salix,lucida ssp. lasiandra,Pacific willow,,,,,,,SALUL
,SAMA12,Salix,maccalliana,McCalla's willow,,,,,,,SAMA12
,SAMBU,Sambucus,monticola,elderberry species,,,,,,,SAMBU
,SAMO2,Salix,,park willow,,,,,,,SAMO2
922,SANI,Salix,nigra,Black willow,,,SANI,NE,NL,SANI,
,SANIC4,Sambucus,nigra L. ssp. canadensis (L.) R. Bolli,Common Elderberry,,,,,,SANIC4,SANIC4
912,SAPA,Sabal,palmetto,Cabbage palmetto,,,,,,SAPA,
,SAPIN,Sapindus,,soapberry species,,,,,,,SAPIN
,SAPL2,Salix,planifolia Pursh,Diamnondleaf Willow,,,SAPL2,,,SAPL2,SAPL2
,SAPLP4,Salix,planifolia sp. planifolia,diamondleaf willow,,,,,,,SAPLP4
926,SAPY,Salix,pyrifolia,Balsam willow,,,,,,SAPY,
,SARA2,Sambucus,racemosa L.,Red Elderberry,,,,,,SARA2,
,SARAR3,Sambucus,racemosa L. var. racemosa,Red Elderberry Var Racemosa,,,,,,SARAR3,
,SASA4,Sapindus,saponaria,wingleaf soapberry,,,,,,,SASA4
919,SASAD ,Sapindus,saponaria L. var. drummondii (Hook. & Arn.) L.D. Benson,Western Soapberry,SADR5,,,,,SASAD ,SASAD 
928,SASC,Salix,scouleriana,Scouler's willow,,,,,,,SASC
929,SASE10,Salix,sepulcralis,Weeping willow,,,,,,SASE10,
,SASE2,Salix,serissima (L.H. Bailey) Fernald,Autumn Willow,,,,,,SASE2,
,SATA,Salix,taxifolia Kunth,Yewleaf Willow,,,,,,SATA,SATA
888,SCAC2,Schefflera,actinophylla,"Octopus tree, schefflera",,,,,,SCAC2,
,SCHIN,Schinus,,peppertree species,,,,,,,SCHIN
,SCMO,Schinus,molle,Peruvian peppertree,,,,,,,SCMO
,SCPO7,Schinus,polygamus,Hardee peppertree,,,,,,,SCPO7
,SCTE,Schinus,terebinthifolius,Brazilian peppertree,,,,,,,SCTE
,SCTER2,Schinus,terebinthifolius var. raddianus,Brazilian peppertree,,,,,,,SCTER2
212,SEGI2,Sequoiadendron,giganteum,giant sequoia,,212,SEGI2,CA,GS,,SEGI2
211,SESE3,Sequia,sempervirens,redwood,,211,SESE3,PN,RW,,SESE3
,SIDER2,Sideroxylon,L.,Bully,,,,,,SIDER2,
890,SIFO,Sideroxylon,foetidissimum,False mastic,,,,,,SIFO,
895,SIGL3,Simarouba,glauca,Paradisetree,,,,,,SIGL3,
381,SILAL3,Sideroxylon,lanuginosum Michx. ssp. lanuginosum,gum bully,"chittamwood,gum bumelia",,,,,SILAL3,
891,SISA6,Sideroxylon,salicifolium,White bully,Willow bustic,,,,,SISA6,
,SITE2,Sideroxylon,tenax L.,Tough Bully,,,,,,SITE2,
935,SOAM3,Sorbus,americana,American mountain-ash,,935,SOAM3,LS,MA,SOAM3,
936,SOAU,Sorbus,aucuparia,European mountain-ash,,,,,,SOAU,
937,SODE3,Sorbus,decora,Northern mountain-ash,,,,,,SODE3,
934,SORBU,Sorbus,spp,Mountain-ash spp.,,,,,,SORBU,
,SOSES,Cornus,sericea L.,Redosier Dogwood,,,,,,,
,STTR,Staphylea,trifolia L.,American Bladdernut,,,,,,STTR,
940,SWMA2,Swietenia,mohagoni,West Indian mahogany,,,,,,SWMA2,
896,SYCU,Syzygium,cumini,Java plum,,,,,,SYCU,
,SYRE2,Syringa,reticulata,Japanese tree lilac,,,,,,,SYRE2
,SYREA,Syringa,reticulata ssp. amurensis,Amur lilac,,,,,,,SYREA
,SYRIN,Syringa,,lilac species,,,,,,,SYRIN
,SYVU,Syringa,vulgaris,common lilac,,,,,,,SYVU
222,TAAS,Taxodium,ascendens,pondcypress,,222,TAAS,SN,PC,TAAS,
,TABA80,Taxus,baccata,English yew,,,,,,,TABA80
231,TABR2,Taxus,brevifolia,pacific yew,,231,TABR2,PN,PY,,TABR2
,TACH2,Tamarix,chinensis,five-stamen tamarisk,,,,,,,TACH2
221,TADI2,Taxodium,distichum,baldcypress,,221,TADI2,SN,BY,TADI2,
232,TAFL,Taxus,floridana,Florida yew,,,,,,TAFL,
897,TAIN2,Tamarindus,indica,Tarafrind,,,,,,TAIN2,
991,TAMAR2,Tamarix,spp,Saltcedar,,,,,,TAMAR2,TAMAR2
223,TAMU,Taxodium,mucronatum,Montezuma bald cypress,,,,,,,
,TAPA4,Tamarix,parviflora,smallflower tamarisk,,,,,,,TAPA4
,TARA,Tamarix,ramosissima Ledeb.,Saltcedar Var.,,,,,,TARA,TARA
220,TAXOD,Taxodium,spp,baldcypress spp.,,,,,,TAXOD,
230,TAXUS,Taxus,spp,yew spp.,,,,,,TAXUS,TAXUS
,TEHE3,Ternstroemia,heptasepala Krug & Urb.,Saintedwood,,,,,,TEHE3,
913,THMO4,Thrinax,morrisii,Key thatch palm,,,,,,THMO4,
241,THOC2,Thuja,occidentalis,northern white-cedar,,241,THOC2,NE,WC,THOC2,
242,THPL,Thuja,plicata,western redcedar,,242,THPL,PN,RC,,THPL
914,THRA2,Thrinax,radiata,Florida thatch palm,,,,,,THRA2,
240,THUJA,Thuja,spp,Thuja species,,,,,,THUJA,THUJA
951,TIAM,Tilia,americana,American basswood,,951,TIAM,NE,BW,TIAM,
953,TIAMC,Tilia,americana var. caroliniana,Carolina basswood,,,,,,TIAMC,
952,TIAMH,Tilia,americana var. heterophylla,White basswood,,952,TIAMH,,,TIAMH,
,TIEU4,Tilia,×europaea,common linden,,,,,,,TIEU4
950,TILIA,Tilia,spp,Basswood spp.,,950,TILIA,SB,BW,TILIA,
251,TOCA,Torreya,californica,California torreya,California torrey (nutmeg),251,TOCA,CA,CN,,TOCA
250,TORRE,Torreya,spp,Torreya species,Torreya (nutmeg) species,,,,,TORRE,
252,TOTA,Torreya,taxifolia,Florida torreya,,,,,,TOTA,
994,TRSE6,Triadica,sebefera,Chinese tallowtree,,,,,,TRSE6,TRSE6
261,TSCA,Tsuga,canadensis,eastern hemlock,,261,TSCA,NE,EH,TSCA,
262,TSCA2,Tsuga,caroliniana,Carolina hemlock,,,,,,TSCA2,
263,TSHE,Tsuga,heterophylla,western hemlock,,263,TSHE,PN,WH,,TSHE
,TSJE,Tsuga,×jeffreyi,hemlock,,,,,,,TSJE
264,TSME,Tsuga,mertensiana,mountain hemlock,,264,TSME,CA,MH,,TSME
260,TSUGA,Tsuga,spp,hemlock spp.,,260,TSUGA,NE,HM,TSUGA,TSUGA
971,ULAL,Ulmus,alata,Winged elm,,971,ULAL,SN,WE,ULAL,
972,ULAM,Ulmus,americana,American elm,,972,ULAM,SN,AE,ULAM,ULAM
973,ULCR,Ulmus,crassifolia,Cedar elm,,,,,,ULCR,
,ULGL,Ulmus,glabra,Wych elm,,,,,,,ULGL
970,ULMUS,Ulmus,spp,Elm spp.,,970,ULMUS,NE,EL,ULMUS,ULMUS
,ULPA,Ulmus,parvifolia,Chinese elm,,,,,,,ULPA
,ULPR,Ulmus,procera,English elm,,,,,,,ULPR
974,ULPU,Ulmus,pumila,Siberian elm,,974,ULPU,CS,SI,ULPU,ULPU
975,ULRU,Ulmus,rubra,Slippery elm,,975,ULRU,SN,RL,ULRU,
976,ULSE,Ulmus,serotina,September elm,,,,,,ULSE,
977,ULTH,Ulmus,thomasii,Rock elm,,977,ULTH,CS,RE,ULTH,
,UMBEL,Umbellularia,,California laurel,,,,,,,UMBEL
981,UMCA,Umbellularia,californica,California-laurel,California-laurel/Oregon-myrtle,981,UMCA,CA,CL,,UMCA
,UMCAC,Umbellularia,californica var. californica,California laurel,,,,,,,UMCAC
,UMCAF,Umbellularia,californica var. fresnensis,California laurel,,,,,,,UMCAF
,URCH2,Urera,chlorocarpa Urb.,Ortiga,,,,,,URCH2,
,VAAR,Vaccinium,arboretum,Farkleberry,,,,,,VAAR,
,VACA5,Vauquelinia,californica,Arizona rosewood,,,,,,,VACA5
,VACAP,Vauquelinia,californica  ssp. pauciflora,Arizona rosewood,,,,,,,VACAP
,VAUQU,Vauquelinia,,rosewood species,,,,,,,VAUQU
995,VEFO,Veernicia,fordii,tungoil tree,tung-oil-tree,,,,,VEFO,
,VIBUR,Viburnum,L.,Viburnum,,,,,,VIBUR,
,VIDE,Vicia,disperma,Southern Arrowwood,,,,,,VIDE,
,VIDEL,Viburnum,dentatum L.,Southern Arrowwood,,,,,,VIDEL,
,VILE,Viburnum,lentago L.,Nannyberry,,,,,,VILE,
,VINUC,Viburnum,nudum L. var. cassinoides (L.) Torr. & A. Gray,With-Rod,,,,,,VINUC,
,VIOPA2,Viburnum,opulus L. var. americanum Aiton,American Cranberrybush,,,,,,VIOPA2,
,VIPR,Viburnum,prunifolium L.,Blackhaw,,,,,,VIPR,
,VIRU,Viburnum,rufidulum Raf.,Rusty Blackhaw,,,,,,VIRU,
,WAFI,Washingtonia,filifera,California fan palm,,,,,,,WAFI
,WARO,Washingtonia,robusta,Washington fan palm,,,,,,,WARO
,WASHI,Washingtonia,,fan palm,,,,,,,WASHI
,XYSC3,Xylosma,schwaneckeana (Krug & Urb.) Urb.,Schwaneck’S Logwood,,,,,,XYSC3,
982,YUBR,Yucca,brevifolia,Joshua tree,,,,,,,
,YUBRB,Yucca,brevifolia var. brevifolia,Joshua tree,,,,,,,YUBRB
,YUBRJ,Yucca,brevifolia var. jaegeriana,Jaeger's Joshua tree,,,,,,,YUBRJ
,ZAAM,Zanthoxylum,americanum Mill.,Common Pricklyash,,,,,,ZAAM,
,ZANTH,Zanthoxylum,L.,Pricklyash,,,,,,ZANTH,
